{
    "undist2bev": {
        "front": [
            [
                -0.11834100142255752,
                -0.7844648406307888,
                658.9136216917083
            ],
            [
                0.0002951355148103293,
                -0.552357358628594,
                402.8169331720728
            ],
            [
                6.826516968182444e-06,
                -0.0014577074489306961,
                1.0
            ]
        ],
        "back": [
            [
                -0.1792924941854887,
                -0.8318872857226944,
                718.7310301583929
            ],
            [
                -0.0019507179518087714,
                -0.6195267102031669,
                438.43831601430907
            ],
            [
                -5.049162240429643e-06,
                -0.001529321855057814,
                1.0
            ]
        ],
        "left": [
            [
                -0.23593723865709332,
                -1.0418077898840554,
                865.5950197343351
            ],
            [
                -0.015312908185345224,
                -0.8574892008690463,
                584.9820760977092
            ],
            [
                -1.4670743294072662e-05,
                -0.0016227406391761564,
                1.0
            ]
        ],
        "right": [
            [
                -0.2625359908446507,
                -0.8126275118845429,
                747.3346964530458
            ],
            [
                -0.025894631660637296,
                -0.8384313076281787,
                579.4914090147745
            ],
            [
                -6.393049234669434e-05,
                -0.0015603957653816994,
                1.0
            ]
        ]
    },
    "bev2undist": {
        "front": [
            [
                -9.055251113012607,
                45.76474649212349,
                -12468.186523151548
            ],
            [
                -0.6381490619003828,
                31.934497977143177,
                -12443.271427986632
            ],
            [
                -0.0008684188156861904,
                0.04623874176067081,
                -17.053535162779855
            ]
        ],
        "back": [
            [
                -5.648365703924667,
                29.61007229077641,
                -8922.534531136842
            ],
            [
                0.029138636673595748,
                19.460249109373553,
                -8553.061691086523
            ],
            [
                1.6042839059124866e-05,
                0.02991049032678131,
                -12.125435496279907
            ]
        ],
        "left": [
            [
                -5.085659178216279,
                20.103742120791278,
                -7358.20754642323
            ],
            [
                -0.3729420926400285,
                12.369277666564143,
                -6912.988911177209
            ],
            [
                -0.0006797986900711286,
                0.020367066386692015,
                -10.325938418359469
            ]
        ],
        "right": [
            [
                -3.640715342531037,
                19.55835961499101,
                -8613.068475926419
            ],
            [
                0.6170267883663915,
                11.88175644663091,
                -7346.501312415721
            ],
            [
                0.0007300532633518141,
                0.019790618004299657,
                -11.014087246546357
            ]
        ]
    }
}